ID	SMILES	pIC50_from_smiles	pIC50_to_smiles	pIC50_radius	pIC50_smarts	pIC50_pseudosmiles	pIC50_rule_environment_id	pIC50_count	pIC50_avg	pIC50_std	pIC50_kurtosis	pIC50_skewness	pIC50_min	pIC50_q1	pIC50_median	pIC50_q3	pIC50_max	pIC50_paired_t	pIC50_p_value
1	CC(=O)CCn1c(C2CCN(CCc3ccc(C(C)(C)C(=O)O)cc3)CC2)nc2ccccc21	[*:1]OCC	[*:1]C(C)=O	0	[#0;X1;H0;+0;!R:1]	[*:1](~*)	3012	1	-0.07506				-0.07506	-0.07506	-0.07506	-0.07506	-0.07506		
2	CC(C)(C(=O)O)c1ccc(CCN2CCC(c3nc4ccccc4n3CCBr)CC2)cc1	[*:1]OCC	[*:1]Br	0	[#0;X1;H0;+0;!R:1]	[*:1](~*)	2964	1	-0.3577				-0.3577	-0.3577	-0.3577	-0.3577	-0.3577		
3	CC(C)(C(=O)O)c1ccc(CCN2CCC(c3nc4ccccc4n3CCC(F)(F)F)CC2)cc1	[*:1]OCC	[*:1]C(F)(F)F	0	[#0;X1;H0;+0;!R:1]	[*:1](~*)	3042	1	-0.6659				-0.6659	-0.6659	-0.6659	-0.6659	-0.6659		
4	CC(C)(C(=O)O)c1ccc(CCN2CCC(c3nc4ccccc4n3CCCl)CC2)cc1	[*:1]OCC	[*:1]Cl	0	[#0;X1;H0;+0;!R:1]	[*:1](~*)	3018	1	-0.20673				-0.20673	-0.20673	-0.20673	-0.20673	-0.20673		
5	CC(C)(C(=O)O)c1ccc(CCN2CCC(c3nc4ccccc4n3CCF)CC2)cc1	[*:1]OCC	[*:1]F	0	[#0;X1;H0;+0;!R:1]	[*:1](~*)	3030	1	0.57097				0.57097	0.57097	0.57097	0.57097	0.57097		
6	CC(C)(C(=O)O)c1ccc(CCN2CCC(c3nc4ccccc4n3CCO)CC2)cc1	[*:1]CC	[*:1][H]	0	[#0;X1;H0;+0;!R:1]	[*:1](~*)	216	1	0.25106				0.25106	0.25106	0.25106	0.25106	0.25106		
7	CC(C)(C(=O)O)c1ccc(CCN2CCC(c3nc4ccccc4n3CCOC(F)(F)F)CC2)cc1	[*:1]CC	[*:1]C(F)(F)F	1	[#0;X1;H0;+0;!R:1]-[O;X2;H0;+0;!R]	[*:1]-[O](~*)	2580	1	-0.31804				-0.31804	-0.31804	-0.31804	-0.31804	-0.31804		
8	CC(C)(C(=O)O)c1ccc(CCN2CCC(c3nc4ccccc4n3CC[N+](=O)[O-])CC2)cc1	[*:1]OCC	[*:1][N+](=O)[O-]	0	[#0;X1;H0;+0;!R:1]	[*:1](~*)	2864	1	-0.4763				-0.4763	-0.4763	-0.4763	-0.4763	-0.4763		
9	CC(C)(C(=O)O)c1ccc(CCN2CCC(c3nc4ccccc4n3Cc3ccccn3)CC2)cc1	[*:1]CCOCC	[*:1]Cc1ccccn1	5	[#0;X1;H0;+0;!R:1]-[#7;X3;H0;+0;R]1:[#6;X3;H0;+0;R](:[#7;X2;H0;+0;R]:[#6;X3;H0;+0;R]2:[#6;X3;H1;+0;R]:[#6;X3;H1;+0;R]:[#6;X3;H1;+0;R]:[#6;X3;H1;+0;R]:[#6;X3;H0;+0;R]:2:1)-[#6;X4;H1;+0;R](-[#6;X4;H2;+0;R]-[#6;X4;H2;+0;R])-[#6;X4;H2;+0;R]-[#6;X4;H2;+0;R]	[*:1]-[n]1:[c](:[n]:[c]2:[cH]:[cH]:[cH]:[cH]:[c]:2:1)-[CH](-[CH2]-[CH2](~*))-[CH2]-[CH2](~*)	3189	1	-0.8451				-0.8451	-0.8451	-0.8451	-0.8451	-0.8451		
10	CCC(=O)CCn1c(C2CCN(CCc3ccc(C(C)(C)C(=O)O)cc3)CC2)nc2ccccc21	[*:1]O[*:2]	[*:1]C([*:2])=O	0	[#0;X1;H0;+0;!R:1].[#0;X1;H0;+0;!R:2]	[*:1](~*).[*:2](~*)	975	1	-0.85198				-0.85198	-0.85198	-0.85198	-0.85198	-0.85198		
11	CCC(=O)OCCn1c(C2CCN(CCc3ccc(C(C)(C)C(=O)O)cc3)CC2)nc2ccccc21	[*:1]CCO[*:2]	[*:1]CCOC([*:2])=O	0	[#0;X1;H0;+0;!R:1].[#0;X1;H0;+0;!R:2]	[*:1](~*).[*:2](~*)	801	1	0.23609				0.23609	0.23609	0.23609	0.23609	0.23609		
12	CCC(C)(C)c1ccc(CCn2c(C3CCN(CCc4ccc(C(C)(C)C(=O)O)cc4)CC3)nc3ccccc32)cc1	[*:1]O[*:2]	[*:1]c1ccc(C([*:2])(C)C)cc1	0	[#0;X1;H0;+0;!R:1].[#0;X1;H0;+0;!R:2]	[*:1](~*).[*:2](~*)	730	1	-0.65888				-0.65888	-0.65888	-0.65888	-0.65888	-0.65888		
13	CCCn1c(C2CCN(CCc3ccc(C(C)(C)C(=O)O)cc3)CC2)nc2ccccc21	[*:1]OCC	[*:1]C	0	[#0;X1;H0;+0;!R:1]	[*:1](~*)	3024	1	0.29736				0.29736	0.29736	0.29736	0.29736	0.29736		
14	CCO/C=C/n1c(C2CCN(CCc3ccc(C(C)(C)C(=O)O)cc3)CC2)nc2ccccc21	[*:1]CC[*:2]	[*:1]/C=C/[*:2]	0	[#0;X1;H0;+0;!R:1].[#0;X1;H0;+0;!R:2]	[*:1](~*).[*:2](~*)	125	1	-0.67035				-0.67035	-0.67035	-0.67035	-0.67035	-0.67035		
15	CCOC(=O)CCn1c(C2CCN(CCc3ccc(C(C)(C)C(=O)O)cc3)CC2)nc2ccccc21	[*:1]O[*:2]	[*:1]OC([*:2])=O	0	[#0;X1;H0;+0;!R:1].[#0;X1;H0;+0;!R:2]	[*:1](~*).[*:2](~*)	742	1	0.23609				0.23609	0.23609	0.23609	0.23609	0.23609		
16	CCOC(C)(C)n1c(C2CCN(CCc3ccc(C(C)(C)C(=O)O)cc3)CC2)nc2ccccc21	[*:1]CC[*:2]	[*:1]C([*:2])(C)C	0	[#0;X1;H0;+0;!R:1].[#0;X1;H0;+0;!R:2]	[*:1](~*).[*:2](~*)	119	1	-0.25106				-0.25106	-0.25106	-0.25106	-0.25106	-0.25106		
17	CCOC(C)n1c(C2CCN(CCc3ccc(C(C)(C)C(=O)O)cc3)CC2)nc2ccccc21	[*:1]CC[*:2]	[*:1]C([*:2])C	0	[#0;X1;H0;+0;!R:1].[#0;X1;H0;+0;!R:2]	[*:1](~*).[*:2](~*)	143	1	-0.018483				-0.018483	-0.018483	-0.018483	-0.018483	-0.018483		
18	CCOC(CC)n1c(C2CCN(CCc3ccc(C(C)(C)C(=O)O)cc3)CC2)nc2ccccc21	[*:1]CC[*:2]	[*:1]C([*:2])CC	0	[#0;X1;H0;+0;!R:1].[#0;X1;H0;+0;!R:2]	[*:1](~*).[*:2](~*)	137	1	0.22606				0.22606	0.22606	0.22606	0.22606	0.22606		
19	CCOCCCCn1c(C2CCN(CCc3ccc(C(C)(C)C(=O)O)cc3)CC2)nc2ccccc21	[*:1]CC[*:2]	[*:1]CCCC[*:2]	0	[#0;X1;H0;+0;!R:1].[#0;X1;H0;+0;!R:2]	[*:1](~*).[*:2](~*)	1990	1	0.54935				0.54935	0.54935	0.54935	0.54935	0.54935		
20	CCOCCCn1c(C2CCN(CCc3ccc(C(C)(C)C(=O)O)cc3)CC2)nc2ccccc21	[*:1]CC[*:2]	[*:1]CCC[*:2]	0	[#0;X1;H0;+0;!R:1].[#0;X1;H0;+0;!R:2]	[*:1](~*).[*:2](~*)	1973	2	0.238	0.40619			-0.049218	-0.049218	0.238	0.52522	0.52522	0.82864	0.55948
21	CCOCCn1c(C2CCN(/C=C/c3ccc(C(C)(C)C(=O)O)cc3)CC2)nc2ccccc21	[*:1]CC[*:2]	[*:1]/C=C/[*:2]	0	[#0;X1;H0;+0;!R:1].[#0;X1;H0;+0;!R:2]	[*:1](~*).[*:2](~*)	125	1	-0.67035				-0.67035	-0.67035	-0.67035	-0.67035	-0.67035		
22	CCOCCn1c(C2CCN(C(C)(C)c3ccc(C(C)(C)C(=O)O)cc3)CC2)nc2ccccc21	[*:1]CC[*:2]	[*:1]C([*:2])(C)C	0	[#0;X1;H0;+0;!R:1].[#0;X1;H0;+0;!R:2]	[*:1](~*).[*:2](~*)	119	1	-0.25106				-0.25106	-0.25106	-0.25106	-0.25106	-0.25106		
23	CCOCCn1c(C2CCN(C(C)c3ccc(C(C)(C)C(=O)O)cc3)CC2)nc2ccccc21	[*:1]CC[*:2]	[*:1]C([*:2])C	0	[#0;X1;H0;+0;!R:1].[#0;X1;H0;+0;!R:2]	[*:1](~*).[*:2](~*)	143	1	-0.018483				-0.018483	-0.018483	-0.018483	-0.018483	-0.018483		
24	CCOCCn1c(C2CCN(C(CC)c3ccc(C(C)(C)C(=O)O)cc3)CC2)nc2ccccc21	[*:1]CC[*:2]	[*:1]C([*:2])CC	0	[#0;X1;H0;+0;!R:1].[#0;X1;H0;+0;!R:2]	[*:1](~*).[*:2](~*)	137	1	0.22606				0.22606	0.22606	0.22606	0.22606	0.22606		
25	CCOCCn1c(C2CCN(CCCCc3ccc(C(C)(C)C(=O)O)cc3)CC2)nc2ccccc21	[*:1]CC[*:2]	[*:1]CCCC[*:2]	0	[#0;X1;H0;+0;!R:1].[#0;X1;H0;+0;!R:2]	[*:1](~*).[*:2](~*)	1990	1	0.54935				0.54935	0.54935	0.54935	0.54935	0.54935		
26	CCOCCn1c(C2CCN(CCCc3ccc(C(C)(C)C(=O)O)cc3)CC2)nc2ccccc21	[*:1]CC[*:2]	[*:1]CCC[*:2]	0	[#0;X1;H0;+0;!R:1].[#0;X1;H0;+0;!R:2]	[*:1](~*).[*:2](~*)	1973	2	0.238	0.40619			-0.049218	-0.049218	0.238	0.52522	0.52522	0.82864	0.55948
27	CCOCCn1c(C2CCN(CCOC(=O)C(=O)O)CC2)nc2ccccc21	[*:1]c1ccc(C([*:2])(C)C)cc1	[*:1]OC([*:2])=O	0	[#0;X1;H0;+0;!R:1].[#0;X1;H0;+0;!R:2]	[*:1](~*).[*:2](~*)	736	1	0.89497				0.89497	0.89497	0.89497	0.89497	0.89497		
28	CCOCCn1c(C2CCN(CCOC(=O)O)CC2)nc2ccccc21	[*:1]c1ccc(C([*:2])(C)C)cc1	[*:1]O[*:2]	0	[#0;X1;H0;+0;!R:1].[#0;X1;H0;+0;!R:2]	[*:1](~*).[*:2](~*)	730	1	0.65888				0.65888	0.65888	0.65888	0.65888	0.65888		
29	CCOCCn1c(C2CCN(CCc3c(C(C)(C)C(=O)O)ccc(F)c3F)CC2)nc2ccccc21	[*:1]c1ccc([*:2])cc1	[*:1]c1ccc(F)c(F)c1[*:2]	0	[#0;X1;H0;+0;!R:1].[#0;X1;H0;+0;!R:2]	[*:1](~*).[*:2](~*)	2089	1	-0.3672				-0.3672	-0.3672	-0.3672	-0.3672	-0.3672		
30	CCOCCn1c(C2CCN(CCc3cc(C(C)(C)C(=O)O)ccc3Cl)CC2)nc2ccccc21	[*:1]c1ccc([*:2])cc1	[*:1]c1ccc(Cl)c([*:2])c1	0	[#0;X1;H0;+0;!R:1].[#0;X1;H0;+0;!R:2]	[*:1](~*).[*:2](~*)	32	1	0.31202				0.31202	0.31202	0.31202	0.31202	0.31202		
31	CCOCCn1c(C2CCN(CCc3ccc(/C=C/C(=O)O)cc3)CC2)nc2ccccc21	[*:1]C(C)(C)C(=O)O	[*:1]/C=C/C(=O)O	2	[#0;X1;H0;+0;!R:1]-[#6;X3;H0;+0;R](:[#6;X3;H1;+0;R]):[#6;X3;H1;+0;R]	[*:1]-[c](:[cH](~*)):[cH](~*)	2776	1	-0.4193				-0.4193	-0.4193	-0.4193	-0.4193	-0.4193		
32	CCOCCn1c(C2CCN(CCc3ccc(C(=O)O)cc3)CC2)nc2ccccc21	[*:1]C(C)(C)C(=O)O	[*:1]C(=O)O	2	[#0;X1;H0;+0;!R:1]-[#6;X3;H0;+0;R](:[#6;X3;H1;+0;R]):[#6;X3;H1;+0;R]	[*:1]-[c](:[cH](~*)):[cH](~*)	2680	3	0.44048	0.36495	-1.5	0.29843	0.029963	0.1633	0.56331	0.68696	0.72818	-2.0905	0.17172
33	CCOCCn1c(C2CCN(CCc3ccc(C(C)(Br)C(=O)O)cc3)CC2)nc2ccccc21	[*:1]C	[*:1]Br	0	[#0;X1;H0;+0;!R:1]	[*:1](~*)	2982	1	-0.65505				-0.65505	-0.65505	-0.65505	-0.65505	-0.65505		
34	CCOCCn1c(C2CCN(CCc3ccc(C(C)(C(=O)O)C(=O)O)cc3)CC2)nc2ccccc21	[*:1]C	[*:1]C(=O)O	1	[#0;X1;H0;+0;!R:1]-[C;X4;H0;+0;!R]	[*:1]-[C](~*)(~*)(~*)	228	1	-1.5341				-1.5341	-1.5341	-1.5341	-1.5341	-1.5341		
35	CCOCCn1c(C2CCN(CCc3ccc(C(C)(C(=O)O)C(F)(F)F)cc3)CC2)nc2ccccc21	[*:1]C	[*:1]C(F)(F)F	0	[#0;X1;H0;+0;!R:1]	[*:1](~*)	2573	2	-1.0291	0.093129			-1.095	-1.095	-1.0291	-0.96326	-0.96326	-15.627	0.040682
36	CCOCCn1c(C2CCN(CCc3ccc(C(C)(C(=O)O)[N+](=O)[O-])cc3)CC2)nc2ccccc21	[*:1]C	[*:1][N+](=O)[O-]	0	[#0;X1;H0;+0;!R:1]	[*:1](~*)	2882	1	-0.77366				-0.77366	-0.77366	-0.77366	-0.77366	-0.77366		
37	CCOCCn1c(C2CCN(CCc3ccc(C(C)(C(C)=O)C(=O)O)cc3)CC2)nc2ccccc21	[*:1]C	[*:1]C(C)=O	0	[#0;X1;H0;+0;!R:1]	[*:1](~*)	3060	1	-0.37242				-0.37242	-0.37242	-0.37242	-0.37242	-0.37242		
38	CCOCCn1c(C2CCN(CCc3ccc(C(C)(C)/C=C/C(=O)O)cc3)CC2)nc2ccccc21	[*:1]C(=O)O	[*:1]/C=C/C(=O)O	0	[#0;X1;H0;+0;!R:1]	[*:1](~*)	2806	1	-1.1475				-1.1475	-1.1475	-1.1475	-1.1475	-1.1475		
39	CCOCCn1c(C2CCN(CCc3ccc(C(C)(C)C(=O)O)c(Cl)c3)CC2)nc2ccccc21	[*:1]c1ccc([*:2])cc1	[*:1]c1ccc([*:2])c(Cl)c1	0	[#0;X1;H0;+0;!R:1].[#0;X1;H0;+0;!R:2]	[*:1](~*).[*:2](~*)	26	1	0.31202				0.31202	0.31202	0.31202	0.31202	0.31202		
40	CCOCCn1c(C2CCN(CCc3ccc(C(C)(C)C(=O)O)cc3Cl)CC2)nc2ccccc21	[*:1]c1ccc([*:2])cc1	[*:1]c1ccc([*:2])c(Cl)c1	0	[#0;X1;H0;+0;!R:1].[#0;X1;H0;+0;!R:2]	[*:1](~*).[*:2](~*)	26	1	0.31202				0.31202	0.31202	0.31202	0.31202	0.31202		
41	CCOCCn1c(C2CCN(CCc3ccc(C(C)(C)C(C)(C)C(=O)O)cc3)CC2)nc2ccccc21	[*:1]C(=O)O	[*:1]C(C)(C)C(=O)O	0	[#0;X1;H0;+0;!R:1]	[*:1](~*)	2678	3	-0.44048	0.36495	-1.5	0.29843	-0.72818	-0.68696	-0.56331	-0.1633	-0.029963	-2.0905	0.17172
42	CCOCCn1c(C2CCN(CCc3ccc(C(C)(C)C(C)C(=O)O)cc3)CC2)nc2ccccc21	[*:1]C(=O)O	[*:1]C(C)C(=O)O	0	[#0;X1;H0;+0;!R:1]	[*:1](~*)	2691	2	-0.49501	0.00083297			-0.4956	-0.4956	-0.49501	-0.49443	-0.49443	-840.43	0.00075749
43	CCOCCn1c(C2CCN(CCc3ccc(C(C)(C)C(CC)C(=O)O)cc3)CC2)nc2ccccc21	[*:1]C(=O)O	[*:1]C(CC)C(=O)O	0	[#0;X1;H0;+0;!R:1]	[*:1](~*)	2836	1	-0.25106				-0.25106	-0.25106	-0.25106	-0.25106	-0.25106		
44	CCOCCn1c(C2CCN(CCc3ccc(C(C)(C)C)cc3)CC2)nc2ccccc21	[*:1]C(=O)O	[*:1]C	5	[#0;X1;H0;+0;!R:1]-[C;X4;H0;+0;!R](-[C;X4;H3;+0;!R])(-[C;X4;H3;+0;!R])-[#6;X3;H0;+0;R]1:[#6;X3;H1;+0;R]:[#6;X3;H1;+0;R]:[#6;X3;H0;+0;R]:[#6;X3;H1;+0;R]:[#6;X3;H1;+0;R]:1	[*:1]-[C](-[CH3])(-[CH3])-[c]1:[cH]:[cH]:[c](~*):[cH]:[cH]:1	232	1	1.5341				1.5341	1.5341	1.5341	1.5341	1.5341		
45	CCOCCn1c(C2CCN(CCc3ccc(C(C)(C)CC(=O)O)cc3)CC2)nc2ccccc21	[*:1]C(=O)O	[*:1]CC(=O)O	0	[#0;X1;H0;+0;!R:1]	[*:1](~*)	2669	8	-0.02481	0.31543	0.18565	0.45177	-0.49443	-0.21243	-0.016929	0.08353	0.5876	-0.22247	0.8303
46	CCOCCn1c(C2CCN(CCc3ccc(C(C)(C)CCC(=O)O)cc3)CC2)nc2ccccc21	[*:1]C(=O)O	[*:1]CCC(=O)O	0	[#0;X1;H0;+0;!R:1]	[*:1](~*)	2762	2	-0.46505	0.017065			-0.47712	-0.47712	-0.46505	-0.45299	-0.45299	-38.539	0.016515
47	CCOCCn1c(C2CCN(CCc3ccc(C(C)(C)OCC(=O)O)cc3)CC2)nc2ccccc21	[*:1]C(=O)O	[*:1]OCC(=O)O	0	[#0;X1;H0;+0;!R:1]	[*:1](~*)	2824	1	-0.58275				-0.58275	-0.58275	-0.58275	-0.58275	-0.58275		
48	CCOCCn1c(C2CCN(CCc3ccc(C(C)(CC)C(=O)O)cc3)CC2)nc2ccccc21	[*:1]C	[*:1]CC	0	[#0;X1;H0;+0;!R:1]	[*:1](~*)	210	2	-0.26619	0.72229			-0.77692	-0.77692	-0.26619	0.24455	0.24455	-0.52118	0.69414
49	CCOCCn1c(C2CCN(CCc3ccc(C(C)(Cl)C(=O)O)cc3)CC2)nc2ccccc21	[*:1]C	[*:1]Cl	0	[#0;X1;H0;+0;!R:1]	[*:1](~*)	2645	2	-0.57722	0.10344			-0.65036	-0.65036	-0.57722	-0.50408	-0.50408	-7.8918	0.080241
50	CCOCCn1c(C2CCN(CCc3ccc(C(C)(F)C(=O)O)cc3)CC2)nc2ccccc21	[*:1]C	[*:1]F	0	[#0;X1;H0;+0;!R:1]	[*:1](~*)	2639	2	-0.20221	0.67292			-0.67804	-0.67804	-0.20221	0.27361	0.27361	-0.42497	0.74418
51	CCOCCn1c(C2CCN(CCc3ccc(C(C)(OC(F)(F)F)C(=O)O)cc3)CC2)nc2ccccc21	[*:1]C	[*:1]OC(F)(F)F	0	[#0;X1;H0;+0;!R:1]	[*:1](~*)	3117	1	-0.61539				-0.61539	-0.61539	-0.61539	-0.61539	-0.61539		
52	CCOCCn1c(C2CCN(CCc3ccc(C(C)(OC)C(=O)O)cc3)CC2)nc2ccccc21	[*:1]C	[*:1]OC	0	[#0;X1;H0;+0;!R:1]	[*:1](~*)	2936	1	0.47957				0.47957	0.47957	0.47957	0.47957	0.47957		
53	CCOCCn1c(C2CCN(CCc3ccc(C(C)(OCC)C(=O)O)cc3)CC2)nc2ccccc21	[*:1]C	[*:1]OCC	0	[#0;X1;H0;+0;!R:1]	[*:1](~*)	3024	1	-0.29736				-0.29736	-0.29736	-0.29736	-0.29736	-0.29736		
54	CCOCCn1c(C2CCN(CCc3ccc(C(C)C(=O)O)cc3)CC2)nc2ccccc21	[*:1]C	[*:1][H]	0	[#0;X1;H0;+0;!R:1]	[*:1](~*)	204	7	0.22629	0.22335	-1.1791	0.51296	0	0.063359	0.1549	0.42985	0.57054	2.6806	0.036509
55	CCOCCn1c(C2CCN(CCc3ccc(C(CC)C(=O)O)cc3)CC2)nc2ccccc21	[*:1]C(C)(C)C(=O)O	[*:1]C(CC)C(=O)O	2	[#0;X1;H0;+0;!R:1]-[#6;X3;H0;+0;R](:[#6;X3;H1;+0;R]):[#6;X3;H1;+0;R]	[*:1]-[c](:[cH](~*)):[cH](~*)	2788	1	0.47712				0.47712	0.47712	0.47712	0.47712	0.47712		
56	CCOCCn1c(C2CCN(CCc3ccc(CC(=O)O)cc3)CC2)nc2ccccc21	[*:1]C(C)(C)C(=O)O	[*:1]CC(=O)O	2	[#0;X1;H0;+0;!R:1]-[#6;X3;H0;+0;R](:[#6;X3;H1;+0;R]):[#6;X3;H1;+0;R]	[*:1]-[c](:[cH](~*)):[cH](~*)	2686	3	0.31324	0.36123	-1.5	0.36691	0.068881	0.087328	0.14267	0.5818	0.72818	1.5019	0.27195
57	CCOCCn1c(C2CCN(CCc3ccc(CCC(=O)O)cc3)CC2)nc2ccccc21	[*:1]C(C)(C)C(=O)O	[*:1]CCC(=O)O	2	[#0;X1;H0;+0;!R:1]-[#6;X3;H0;+0;R](:[#6;X3;H1;+0;R]):[#6;X3;H1;+0;R]	[*:1]-[c](:[cH](~*)):[cH](~*)	2740	1	0.25106				0.25106	0.25106	0.25106	0.25106	0.25106		
58	CCOCCn1c(C2CCN(CCc3ccc(COC(=O)O)cc3)CC2)nc2ccccc21	[*:1]C([*:2])(C)C	[*:1]CO[*:2]	2	[#0;X1;H0;+0;!R:1]-[C;X3;H0;+0;!R](=[O;X1;H0;+0;!R])-[O;X2;H1;+0;!R].[#0;X1;H0;+0;!R:2]-[#6;X3;H0;+0;R](:[#6;X3;H1;+0;R]):[#6;X3;H1;+0;R]	[*:1]-[C](=[O])-[OH].[*:2]-[c](:[cH](~*)):[cH](~*)	157	1	0.14542				0.14542	0.14542	0.14542	0.14542	0.14542		
59	CCOCCn1c(C2CCN(CCc3ccc(Cl)c(C(C)(C)C(=O)O)c3)CC2)nc2ccccc21	[*:1]c1ccc([*:2])cc1	[*:1]c1ccc(Cl)c([*:2])c1	0	[#0;X1;H0;+0;!R:1].[#0;X1;H0;+0;!R:2]	[*:1](~*).[*:2](~*)	32	1	0.31202				0.31202	0.31202	0.31202	0.31202	0.31202		
60	CCOCCn1c(C2CCN(CCc3ccc(F)c(F)c3C(C)(C)C(=O)O)CC2)nc2ccccc21	[*:1]c1ccc([*:2])cc1	[*:1]c1ccc(F)c(F)c1[*:2]	0	[#0;X1;H0;+0;!R:1].[#0;X1;H0;+0;!R:2]	[*:1](~*).[*:2](~*)	2089	1	-0.3672				-0.3672	-0.3672	-0.3672	-0.3672	-0.3672		
61	CCOCCn1c(C2CCN(CCc3ccc(OCC(=O)O)cc3)CC2)nc2ccccc21	[*:1]C(C)(C)C(=O)O	[*:1]OCC(=O)O	2	[#0;X1;H0;+0;!R:1]-[#6;X3;H0;+0;R](:[#6;X3;H1;+0;R]):[#6;X3;H1;+0;R]	[*:1]-[c](:[cH](~*)):[cH](~*)	2782	1	0.14542				0.14542	0.14542	0.14542	0.14542	0.14542		
62	CCOCCn1c(C2CCN(CCc3ccc([C@@H](C)C(=O)O)cc3)CC2)nc2ccccc21	[*:1]C	[*:1][H]	0	[#0;X1;H0;+0;!R:1]	[*:1](~*)	204	7	0.22629	0.22335	-1.1791	0.51296	0	0.063359	0.1549	0.42985	0.57054	2.6806	0.036509
63	CCOCCn1c(C2CCN(CCc3ccc([C@@](C)(Br)C(=O)O)cc3)CC2)nc2ccccc21	[*:1]C	[*:1]Br	0	[#0;X1;H0;+0;!R:1]	[*:1](~*)	2982	1	-0.65505				-0.65505	-0.65505	-0.65505	-0.65505	-0.65505		
64	CCOCCn1c(C2CCN(CCc3ccc([C@@](C)(C(=O)O)C(F)(F)F)cc3)CC2)nc2ccccc21	[*:1]C	[*:1]C(F)(F)F	0	[#0;X1;H0;+0;!R:1]	[*:1](~*)	2573	2	-1.0291	0.093129			-1.095	-1.095	-1.0291	-0.96326	-0.96326	-15.627	0.040682
65	CCOCCn1c(C2CCN(CCc3ccc([C@@](C)(C(=O)O)[N+](=O)[O-])cc3)CC2)nc2ccccc21	[*:1]C	[*:1][N+](=O)[O-]	0	[#0;X1;H0;+0;!R:1]	[*:1](~*)	2882	1	-0.77366				-0.77366	-0.77366	-0.77366	-0.77366	-0.77366		
66	CCOCCn1c(C2CCN(CCc3ccc([C@@](C)(C(C)=O)C(=O)O)cc3)CC2)nc2ccccc21	[*:1]C	[*:1]C(C)=O	0	[#0;X1;H0;+0;!R:1]	[*:1](~*)	3060	1	-0.37242				-0.37242	-0.37242	-0.37242	-0.37242	-0.37242		
67	CCOCCn1c(C2CCN(CCc3ccc([C@@](C)(CC)C(=O)O)cc3)CC2)nc2ccccc21	[*:1]C	[*:1]CC	0	[#0;X1;H0;+0;!R:1]	[*:1](~*)	210	2	-0.26619	0.72229			-0.77692	-0.77692	-0.26619	0.24455	0.24455	-0.52118	0.69414
68	CCOCCn1c(C2CCN(CCc3ccc([C@@](C)(Cl)C(=O)O)cc3)CC2)nc2ccccc21	[*:1]C	[*:1]Cl	0	[#0;X1;H0;+0;!R:1]	[*:1](~*)	2645	2	-0.57722	0.10344			-0.65036	-0.65036	-0.57722	-0.50408	-0.50408	-7.8918	0.080241
69	CCOCCn1c(C2CCN(CCc3ccc([C@@](C)(F)C(=O)O)cc3)CC2)nc2ccccc21	[*:1]C	[*:1]F	0	[#0;X1;H0;+0;!R:1]	[*:1](~*)	2639	2	-0.20221	0.67292			-0.67804	-0.67804	-0.20221	0.27361	0.27361	-0.42497	0.74418
70	CCOCCn1c(C2CCN(CCc3ccc([C@@](C)(OC(F)(F)F)C(=O)O)cc3)CC2)nc2ccccc21	[*:1]C	[*:1]OC(F)(F)F	0	[#0;X1;H0;+0;!R:1]	[*:1](~*)	3117	1	-0.61539				-0.61539	-0.61539	-0.61539	-0.61539	-0.61539		
71	CCOCCn1c(C2CCN(CCc3ccc([C@@](C)(OC)C(=O)O)cc3)CC2)nc2ccccc21	[*:1]C	[*:1]OC	0	[#0;X1;H0;+0;!R:1]	[*:1](~*)	2936	1	0.47957				0.47957	0.47957	0.47957	0.47957	0.47957		
72	CCOCCn1c(C2CCN(CCc3ccc([C@@](C)(OCC)C(=O)O)cc3)CC2)nc2ccccc21	[*:1]C	[*:1]OCC	0	[#0;X1;H0;+0;!R:1]	[*:1](~*)	3024	1	-0.29736				-0.29736	-0.29736	-0.29736	-0.29736	-0.29736		
73	CCOCCn1c(C2CCN(CCc3ccc([C@H](C)C(=O)O)cc3)CC2)nc2ccccc21	[*:1]C	[*:1][H]	0	[#0;X1;H0;+0;!R:1]	[*:1](~*)	204	7	0.22629	0.22335	-1.1791	0.51296	0	0.063359	0.1549	0.42985	0.57054	2.6806	0.036509
74	CCOCCn1c(C2CCN(CCc3ccc([C@](C)(Br)C(=O)O)cc3)CC2)nc2ccccc21	[*:1]C	[*:1]Br	0	[#0;X1;H0;+0;!R:1]	[*:1](~*)	2982	1	-0.65505				-0.65505	-0.65505	-0.65505	-0.65505	-0.65505		
75	CCOCCn1c(C2CCN(CCc3ccc([C@](C)(C(=O)O)C(F)(F)F)cc3)CC2)nc2ccccc21	[*:1]C	[*:1]C(F)(F)F	0	[#0;X1;H0;+0;!R:1]	[*:1](~*)	2573	2	-1.0291	0.093129			-1.095	-1.095	-1.0291	-0.96326	-0.96326	-15.627	0.040682
76	CCOCCn1c(C2CCN(CCc3ccc([C@](C)(C(=O)O)[N+](=O)[O-])cc3)CC2)nc2ccccc21	[*:1]C	[*:1][N+](=O)[O-]	0	[#0;X1;H0;+0;!R:1]	[*:1](~*)	2882	1	-0.77366				-0.77366	-0.77366	-0.77366	-0.77366	-0.77366		
77	CCOCCn1c(C2CCN(CCc3ccc([C@](C)(C(C)=O)C(=O)O)cc3)CC2)nc2ccccc21	[*:1]C	[*:1]C(C)=O	0	[#0;X1;H0;+0;!R:1]	[*:1](~*)	3060	1	-0.37242				-0.37242	-0.37242	-0.37242	-0.37242	-0.37242		
78	CCOCCn1c(C2CCN(CCc3ccc([C@](C)(CC)C(=O)O)cc3)CC2)nc2ccccc21	[*:1]C	[*:1]CC	0	[#0;X1;H0;+0;!R:1]	[*:1](~*)	210	2	-0.26619	0.72229			-0.77692	-0.77692	-0.26619	0.24455	0.24455	-0.52118	0.69414
79	CCOCCn1c(C2CCN(CCc3ccc([C@](C)(Cl)C(=O)O)cc3)CC2)nc2ccccc21	[*:1]C	[*:1]Cl	0	[#0;X1;H0;+0;!R:1]	[*:1](~*)	2645	2	-0.57722	0.10344			-0.65036	-0.65036	-0.57722	-0.50408	-0.50408	-7.8918	0.080241
80	CCOCCn1c(C2CCN(CCc3ccc([C@](C)(F)C(=O)O)cc3)CC2)nc2ccccc21	[*:1]C	[*:1]F	0	[#0;X1;H0;+0;!R:1]	[*:1](~*)	2639	2	-0.20221	0.67292			-0.67804	-0.67804	-0.20221	0.27361	0.27361	-0.42497	0.74418
81	CCOCCn1c(C2CCN(CCc3ccc([C@](C)(OC(F)(F)F)C(=O)O)cc3)CC2)nc2ccccc21	[*:1]C	[*:1]OC(F)(F)F	0	[#0;X1;H0;+0;!R:1]	[*:1](~*)	3117	1	-0.61539				-0.61539	-0.61539	-0.61539	-0.61539	-0.61539		
82	CCOCCn1c(C2CCN(CCc3ccc([C@](C)(OC)C(=O)O)cc3)CC2)nc2ccccc21	[*:1]C	[*:1]OC	0	[#0;X1;H0;+0;!R:1]	[*:1](~*)	2936	1	0.47957				0.47957	0.47957	0.47957	0.47957	0.47957		
83	CCOCCn1c(C2CCN(CCc3ccc([C@](C)(OCC)C(=O)O)cc3)CC2)nc2ccccc21	[*:1]C	[*:1]OCC	0	[#0;X1;H0;+0;!R:1]	[*:1](~*)	3024	1	-0.29736				-0.29736	-0.29736	-0.29736	-0.29736	-0.29736		
84	CCOCCn1c(C2CCN(CCc3cccc(C(C)(C)C(=O)O)c3)CC2)nc2ccccc21	[*:1]c1ccc([*:2])cc1	[*:1]c1cccc([*:2])c1	0	[#0;X1;H0;+0;!R:1].[#0;X1;H0;+0;!R:2]	[*:1](~*).[*:2](~*)	473	2	-0.4031	0.80691			-0.97367	-0.97367	-0.4031	0.16747	0.16747	-0.70649	0.60844
85	CCOCCn1c(C2CCN(CCc3ccccc3C(C)(C)C(=O)O)CC2)nc2ccccc21	[*:1]c1ccc([*:2])cc1	[*:1]c1ccccc1[*:2]	0	[#0;X1;H0;+0;!R:1].[#0;X1;H0;+0;!R:2]	[*:1](~*).[*:2](~*)	2072	1	0.60827				0.60827	0.60827	0.60827	0.60827	0.60827		
86	CCOCCn1c(C2CCN(COc3ccc(C(C)(C)C(=O)O)cc3)CC2)nc2ccccc21	[*:1]CC[*:2]	[*:1]CO[*:2]	0	[#0;X1;H0;+0;!R:1].[#0;X1;H0;+0;!R:2]	[*:1](~*).[*:2](~*)	131	1	-0.10563				-0.10563	-0.10563	-0.10563	-0.10563	-0.10563		
87	CCOCCn1c(C2CCN(Cc3ccc(C(C)(C)C(=O)O)cc3)CC2)nc2ccccc21	[*:1]CC[*:2]	[*:1]C[*:2]	0	[#0;X1;H0;+0;!R:1].[#0;X1;H0;+0;!R:2]	[*:1](~*).[*:2](~*)	93	2	0.44812	0.041007			0.41913	0.41913	0.44812	0.47712	0.47712	-15.455	0.041135
88	CCOCCn1c(C2CCN(OCc3ccc(C(C)(C)C(=O)O)cc3)CC2)nc2ccccc21	[*:1]CC[*:2]	[*:1]CO[*:2]	0	[#0;X1;H0;+0;!R:1].[#0;X1;H0;+0;!R:2]	[*:1](~*).[*:2](~*)	131	1	-0.10563				-0.10563	-0.10563	-0.10563	-0.10563	-0.10563		
89	CCOCOn1c(C2CCN(CCc3ccc(C(C)(C)C(=O)O)cc3)CC2)nc2ccccc21	[*:1]CC[*:2]	[*:1]CO[*:2]	0	[#0;X1;H0;+0;!R:1].[#0;X1;H0;+0;!R:2]	[*:1](~*).[*:2](~*)	131	1	-0.10563				-0.10563	-0.10563	-0.10563	-0.10563	-0.10563		
90	CCOCn1c(C2CCN(CCc3ccc(C(C)(C)C(=O)O)cc3)CC2)nc2ccccc21	[*:1]CC[*:2]	[*:1]C[*:2]	0	[#0;X1;H0;+0;!R:1].[#0;X1;H0;+0;!R:2]	[*:1](~*).[*:2](~*)	93	2	0.44812	0.041007			0.41913	0.41913	0.44812	0.47712	0.47712	-15.455	0.041135
91	CCOOCn1c(C2CCN(CCc3ccc(C(C)(C)C(=O)O)cc3)CC2)nc2ccccc21	[*:1]CC[*:2]	[*:1]CO[*:2]	0	[#0;X1;H0;+0;!R:1].[#0;X1;H0;+0;!R:2]	[*:1](~*).[*:2](~*)	131	1	-0.10563				-0.10563	-0.10563	-0.10563	-0.10563	-0.10563		
92	CCc1ccc(C(C)(C)CCn2c(C3CCN(CCc4ccc(C(C)(C)C(=O)O)cc4)CC3)nc3ccccc32)cc1	[*:1]O[*:2]	[*:1]c1ccc(C([*:2])(C)C)cc1	0	[#0;X1;H0;+0;!R:1].[#0;X1;H0;+0;!R:2]	[*:1](~*).[*:2](~*)	730	1	-0.65888				-0.65888	-0.65888	-0.65888	-0.65888	-0.65888		
93	CCn1c(C2CCN(CCc3ccc(C(C)(C)C(=O)O)cc3)CC2)nc2ccccc21	[*:1]OCC	[*:1][H]	0	[#0;X1;H0;+0;!R:1]	[*:1](~*)	3048	1	0.45226				0.45226	0.45226	0.45226	0.45226	0.45226		
94	COCCn1c(C2CCN(CCc3ccc(C(C)(C)C(=O)O)cc3)CC2)nc2ccccc21	[*:1]CC	[*:1]C	0	[#0;X1;H0;+0;!R:1]	[*:1](~*)	210	2	0.26619	0.72229			-0.24455	-0.24455	0.26619	0.77692	0.77692	-0.52118	0.69414
