compound_id,smiles,pIC50,n_measurements,pIC50_min,pIC50_max
CHEMBL1091774,C[C@@H](c1ccccn1)c1c(CCN2CCCC2)sc2ccccc12,5.214670164989233,1,5.214670164989233,5.214670164989233
CHEMBL1091777,C[C@H](c1cccnc1)c1c(CCN(C)C)sc2ccccc12,5.455931955649724,1,5.455931955649724,5.455931955649724
CHEMBL1091790,CC(c1ccncc1)c1c(CCN(C)C)sc2ccccc12,4.638272163982407,1,4.638272163982407,4.638272163982407
CHEMBL10971,CC(=O)N1CCC(=C2c3ccc(Cl)cc3CCc3cccnc32)CC1,7.0,1,7.0,7.0
CHEMBL11,CN(C)CCCN1c2ccccc2CCc2ccccc21,7.568636235841012,1,7.568636235841012,7.568636235841012
CHEMBL1112,O=C1CCc2ccc(OCCCCN3CCN(c4cccc(Cl)c4Cl)CC3)cc2N1,6.376750709602099,1,6.376750709602099,6.376750709602099
CHEMBL1172,Clc1ccc2c(c1)CCc1cccnc1C2=C1CCNCC1,8.735182176990463,1,8.735182176990463,8.735182176990463
CHEMBL12420,CN(C)CCc1c[nH]c2ccccc12,6.376258869661473,2,6.2839966563652006,6.468521082957745
CHEMBL1278088,Nn1c(CCCCN2CCN(c3ccc4ccccc4n3)CC2)nc2c(c1=O)CCCC2,6.0,1,6.0,6.0
CHEMBL1651208,O=C(O)c1cc(-c2cccc(COc3ccc4c(c3)CN(C3CCCC3)C4=O)c2)ccc1Cl,5.088842391260023,1,5.088842391260023,5.088842391260023
CHEMBL17157,CC(C)(C)c1ccc(C(O)CCCN2CCC(C(O)(c3ccccc3)c3ccccc3)CC2)cc1,9.0,1,9.0,9.0
CHEMBL1742403,CCOCCn1c(C2CCN(CCc3ccc(C(C)(C)C)cc3)CC2)nc2ccccc21,6.372634143407268,1,6.372634143407268,6.372634143407268
CHEMBL1774490,Cn1c(N2CCN(CCCN3c4ccccc4COc4ccc(C(=O)O)cc43)CC2)cc(=O)n(C)c1=O,6.853871964321762,1,6.853871964321762,6.853871964321762
CHEMBL1774491,Cn1c(N2CCCN(CCCN3c4ccccc4COc4ccc(C(=O)O)cc43)CC2)cc(=O)n(C)c1=O,7.3872161432802645,1,7.3872161432802645,7.3872161432802645
CHEMBL1774492,Cn1c(N2CCN(CCCN3c4ccccc4COc4ccc(CC(=O)O)cc43)CC2)cc(=O)n(C)c1=O,6.5934598195660445,1,6.5934598195660445,6.5934598195660445
CHEMBL1774493,Cn1c(N2CCCN(CCCN3c4ccccc4COc4ccc(CC(=O)O)cc43)CC2)cc(=O)n(C)c1=O,6.892790030352131,1,6.892790030352131,6.892790030352131
CHEMBL1774494,CC(C(=O)O)c1ccc2c(c1)N(CCCN1CCCN(c3cc(=O)n(C)c(=O)n3C)CC1)c1ccccc1CO2,6.892790030352131,1,6.892790030352131,6.892790030352131
CHEMBL1774495,Cn1c(N2CCCN(CCCN3c4ccccc4COc4ccc(C(C)(C)C(=O)O)cc43)CC2)cc(=O)n(C)c1=O,6.823908740944319,1,6.823908740944319,6.823908740944319
CHEMBL1774496,Cn1c(N2CCCN(CCCN3c4cc(C(=O)O)ccc4COc4ccccc43)CC2)cc(=O)n(C)c1=O,6.275724130399211,1,6.275724130399211,6.275724130399211
CHEMBL1774497,Cn1c(N2CCCN(CCCN3c4ccccc4CCc4ccc(C(=O)O)cc43)CC2)cc(=O)n(C)c1=O,7.154901959985743,1,7.154901959985743,7.154901959985743
CHEMBL1774498,Cn1c(N2CCCN(CCCN3c4ccccc4CCc4ccc(CC(=O)O)cc43)CC2)cc(=O)n(C)c1=O,7.267606240177031,1,7.267606240177031,7.267606240177031
CHEMBL1774499,Cn1c(N2CCCN(CCCN3c4ccccc4CCc4ccc(C(C)(C)C(=O)O)cc43)CC2)cc(=O)n(C)c1=O,7.1249387366083,1,7.1249387366083,7.1249387366083
CHEMBL1774500,Cn1c(N2CCN(CC/C=C3/c4ccccc4COc4ccc(CC(=O)O)cc43)CC2)cc(=O)n(C)c1=O,7.075720713938118,1,7.075720713938118,7.075720713938118
CHEMBL1774501,Cn1c(N2CCN(CC/C=C3\c4ccccc4COc4ccc(CC(=O)O)cc43)CC2)cc(=O)n(C)c1=O,6.267606240177031,1,6.267606240177031,6.267606240177031
CHEMBL1774502,Cn1c(N2CCCN(CC/C=C3/c4ccccc4COc4ccc(CC(=O)O)cc43)CC2)cc(=O)n(C)c1=O,7.036212172654444,1,7.036212172654444,7.036212172654444
CHEMBL1774503,Cn1c(N2CCN(CC/C=C3/c4ccccc4COc4ccc(C(=O)O)cc43)CC2)cc(=O)n(C)c1=O,6.488116639021126,1,6.488116639021126,6.488116639021126
CHEMBL1774504,Cn1c(N2CCCN(CC/C=C3/c4ccccc4COc4ccc(C(=O)O)cc43)CC2)cc(=O)n(C)c1=O,7.200659450546418,1,7.200659450546418,7.200659450546418
CHEMBL1774505,Cn1c(N2CCN(CC/C=C3/c4ccccc4CCc4ccc(CC(=O)O)cc43)CC2)cc(=O)n(C)c1=O,6.709965388637482,1,6.709965388637482,6.709965388637482
CHEMBL1774506,Cn1c(N2CCCN(CC/C=C3/c4ccccc4CCc4ccc(CC(=O)O)cc43)CC2)cc(=O)n(C)c1=O,6.8696662315049934,1,6.8696662315049934,6.8696662315049934
CHEMBL1774507,Cn1c(N2CCCN(CC/C=C3/c4ccccc4CCc4ccc(C(=O)O)cc43)CC2)cc(=O)n(C)c1=O,6.815308569182401,1,6.815308569182401,6.815308569182401
CHEMBL182150,CN(C)c1nc(N[C@H]2CC[C@@H](NC(=O)c3ccc(F)c(F)c3)CC2)nc2ccccc12,6.823908740944319,1,6.823908740944319,6.823908740944319
CHEMBL330366,COc1cc(C(=O)N2CC[C@](CCN3CCC(C(N)=O)(c4ccccc4)CC3)(c3ccc(Cl)c(Cl)c3)C2)cc(OC)c1OC,8.522878745280337,1,8.522878745280337,8.522878745280337
CHEMBL3609328,CN1CCN(C2=Nc3cc(F)ccc3Nc3ccc(F)cc32)CC1,9.0,1,9.0,9.0
CHEMBL3609372,CC(C)NC(=O)N1CC[C@H](NC2=Nc3cc(F)ccc3N(CC(F)F)c3ccc(Cl)cc32)C1,4.886056647693163,1,4.886056647693163,4.886056647693163
CHEMBL3805518,CNC(=O)c1cc(OCCCCN2CCC(c3noc4cc(F)ccc34)CC2)ccc1F,6.012333735073725,1,6.012333735073725,6.012333735073725
CHEMBL3805559,CNC(=O)c1cccc(OCCCCN2CCC(c3noc4cc(F)ccc34)CC2)c1,5.59176003468815,1,5.59176003468815,5.59176003468815
CHEMBL4128926,CC(C)(C)NS(=O)(=O)c1ccc(-c2sc(C(=O)N[C@H]3C[C@H](C(=O)O)C3)nc2CC2CCCCC2)c2ccccc12,8.769551078621726,1,8.769551078621726,8.769551078621726
CHEMBL4445636,O=[N+]([O-])c1ccccc1OCC(O)CN1CCC(=C2c3ccc(Cl)cc3CCc3cccnc32)CC1,7.276955008356555,1,7.276955008356555,7.276955008356555
CHEMBL4446961,COc1ccccc1OCC(O)CN1CCC(=C2c3ccc(Cl)cc3CCc3cccnc32)CC1,8.530177984021837,1,8.530177984021837,8.530177984021837
CHEMBL4451332,COc1cccc(OCC(O)CN2CCC(=C3c4ccc(Cl)cc4CCc4cccnc43)CC2)c1,8.089375595110798,1,8.089375595110798,8.089375595110798
CHEMBL4458953,OC(COc1ccccc1Br)CN1CCC(=C2c3ccc(Cl)cc3CCc3cccnc32)CC1,7.395557933739277,1,7.395557933739277,7.395557933739277
CHEMBL4467816,COc1ccccc1OC[C@@H](O)CN1CCC(=C2c3ccc(Cl)cc3CCc3cccnc32)CC1,8.341035157335565,1,8.341035157335565,8.341035157335565
CHEMBL4473399,CCOc1ccccc1OCC(O)CN1CCC(=C2c3ccc(Cl)cc3CCc3cccnc32)CC1,7.753255290276159,1,7.753255290276159,7.753255290276159
CHEMBL4473466,COc1ccccc1OCCCN1CCC(=C2c3ccc(Cl)cc3CCc3cccnc32)CC1,8.032452023781138,1,8.032452023781138,8.032452023781138
CHEMBL4518271,CC(=O)c1ccccc1OCC(O)CN1CCC(=C2c3ccc(Cl)cc3CCc3cccnc32)CC1,7.678194516142461,1,7.678194516142461,7.678194516142461
CHEMBL4519018,CN1C2CCCC1CC(Nc1ccccc1Br)C2,6.6968039425795105,1,6.6968039425795105,6.6968039425795105
CHEMBL4527708,CC[C@]12CCCN(C(=O)c3cccc(Br)c3)CCc3c(n(c4ccccc34)C(=O)C1)[C@@H]2OC,5.380906669373257,1,5.380906669373257,5.380906669373257
CHEMBL4529928,COc1c(OCC(O)CN2CCC(=C3c4ccc(Cl)cc4CCc4cccnc43)CC2)ccc(F)c1F,7.554707230574028,1,7.554707230574028,7.554707230574028
CHEMBL4539056,OC(COc1ccccc1Cl)CN1CCC(=C2c3ccc(Cl)cc3CCc3cccnc32)CC1,7.546528766277064,1,7.546528766277064,7.546528766277064
CHEMBL4539150,Cc1ccccc1OCC(O)CN1CCC(=C2c3ccc(Cl)cc3CCc3cccnc32)CC1,8.050609993355087,1,8.050609993355087,8.050609993355087
CHEMBL4556553,OC(COc1ccccc1F)CN1CCC(=C2c3ccc(Cl)cc3CCc3cccnc32)CC1,8.324221658325914,1,8.324221658325914,8.324221658325914
CHEMBL4557928,OC(COc1ccccc1OC(F)(F)F)CN1CCC(=C2c3ccc(Cl)cc3CCc3cccnc32)CC1,7.435215615496013,1,7.435215615496013,7.435215615496013
CHEMBL4565774,OC(COc1ccccc1C(F)(F)F)CN1CCC(=C2c3ccc(Cl)cc3CCc3cccnc32)CC1,7.0873528937816825,1,7.0873528937816825,7.0873528937816825
CHEMBL4581995,COc1ccc(OCC(O)CN2CCC(=C3c4ccc(Cl)cc4CCc4cccnc43)CC2)cc1,7.921905849593589,1,7.921905849593589,7.921905849593589
CHEMBL4587694,OC(COc1ccccc1)CN1CCC(=C2c3ccc(Cl)cc3CCc3cccnc32)CC1,8.20551195334083,1,8.20551195334083,8.20551195334083
CHEMBL4591702,COc1ccccc1OC[C@H](O)CN1CCC(=C2c3ccc(Cl)cc3CCc3cccnc32)CC1,8.435333935747911,1,8.435333935747911,8.435333935747911
CHEMBL4873647,CC(F)(F)COc1ncncc1CNc1ncc(C#N)c(N[C@@H]2CC[C@H](O)C(C)(C)C2)n1,4.958607314841775,1,4.958607314841775,4.958607314841775
CHEMBL491889,CCN(CC)CCCCCCn1c2ccccc2c(=O)c2ccccc21,5.443697499232712,1,5.443697499232712,5.443697499232712
CHEMBL505,CN(C)CCC(c1ccc(Cl)cc1)c1ccccn1,7.180456064458131,1,7.180456064458131,7.180456064458131
CHEMBL511,COc1ccc(CN(CCN(C)C)c2ccccn2)cc1,8.83889035263304,8,8.207608310501746,10.853871964321762
CHEMBL534,CN1CCC(=C2c3ccccc3CC(=O)c3sccc32)CC1,9.0,2,9.0,9.0
CHEMBL5421982,COC1CCN(c2cc(C(=O)NS(=O)(=O)N(C)C)nc3c2c(C2CCC2)nn3-c2ccc(F)cc2)CC1,5.096910013008056,1,5.096910013008056,5.096910013008056
CHEMBL549598,CN(CC1CCCCC1)C1CCN(c2nc3ccccc3n2Cc2ccc(F)cc2)CC1,8.356547323513812,1,8.356547323513812,8.356547323513812
CHEMBL551394,Cn1c(C2=CCN(CCCN3c4ccccc4Sc4ccc(CC(=O)O)cc43)CC2)cc(=O)n(C)c1=O,7.3872161432802645,1,7.3872161432802645,7.3872161432802645
CHEMBL551457,Cn1c(N2CCN(CCCN3c4ccccc4Sc4ccc(C(=O)O)cc43)CC2)cc(=O)n(C)c1=O,7.431798275933005,1,7.431798275933005,7.431798275933005
CHEMBL552057,Cn1c(N2CCN(CCCCN3c4ccccc4Sc4ccc(C(=O)O)cc43)CC2)cc(=O)n(C)c1=O,7.455931955649724,1,7.455931955649724,7.455931955649724
CHEMBL559664,Cn1c(N2CCN(CCCN3c4ccccc4Sc4ccc(CC(=O)O)cc43)CC2)cc(=O)n(C)c1=O,7.3979400086720375,1,7.3979400086720375,7.3979400086720375
CHEMBL559665,Cn1c(N2CCCN(CCCN3c4ccccc4Sc4ccc(CC(=O)O)cc43)CC2)cc(=O)n(C)c1=O,7.638272163982407,1,7.638272163982407,7.638272163982407
CHEMBL560061,Cn1c(N2CCCN(CCCN3c4ccccc4Sc4ccc(CCC(=O)O)cc43)CC2)cc(=O)n(C)c1=O,7.161150909262744,1,7.161150909262744,7.161150909262744
CHEMBL560120,Cn1c(NCCCN2CCC(Oc3ccc(Cl)c(Cl)c3)CC2)cc(=O)n(C)c1=O,7.552841968657781,1,7.552841968657781,7.552841968657781
CHEMBL560917,Cn1c(N2CCN(CCCN3c4ccccc4Sc4ccc(CCC(=O)O)cc43)CC2)cc(=O)n(C)c1=O,6.978810700930062,1,6.978810700930062,6.978810700930062
CHEMBL561377,CN(CCCN1CCC(CN2c3ccccc3Sc3ccc(C(=O)O)cc32)CC1)c1cc(=O)n(C)c(=O)n1C,7.275724130399211,1,7.275724130399211,7.275724130399211
CHEMBL561690,CN(c1ccccc1)C1CCN(c2nc3ccccc3n2Cc2ccc(F)cc2)CC1,7.094204119632131,1,7.094204119632131,7.094204119632131
CHEMBL562676,Cn1c(N2CCCN(CCCN3c4ccccc4Sc4ccc(C(C)(C)C(=O)O)cc43)CC2)cc(=O)n(C)c1=O,6.910094888560602,1,6.910094888560602,6.910094888560602
CHEMBL562792,Cn1c(N2CCCN(CCCN3c4ccccc4Sc4ccc(/C=C\C(=O)O)cc43)CC2)cc(=O)n(C)c1=O,6.490797477668897,1,6.490797477668897,6.490797477668897
CHEMBL563271,Cn1c(N2CCCN(CCCN3c4ccccc4Sc4ccc(OCC(=O)O)cc43)CC2)cc(=O)n(C)c1=O,7.055517327849831,1,7.055517327849831,7.055517327849831
CHEMBL563520,Cn1c(NCCCN2CCC(CN3c4ccccc4Sc4ccc(C(=O)O)cc43)CC2)cc(=O)n(C)c1=O,7.337242168318426,1,7.337242168318426,7.337242168318426
CHEMBL563647,CCC(C(=O)O)c1ccc2c(c1)N(CCCN1CCCN(c3cc(=O)n(C)c(=O)n3C)CC1)c1ccccc1S2,7.3872161432802645,1,7.3872161432802645,7.3872161432802645
CHEMBL564168,Cn1c(N2CCN(CCN3c4ccccc4Sc4ccc(C(=O)O)cc43)CC2)cc(=O)n(C)c1=O,6.906578314837764,1,6.906578314837764,6.906578314837764
CHEMBL564370,Cn1c(N2CCCN(CCCN3c4ccccc4Sc4ccc(C(=O)O)cc43)CC2)cc(=O)n(C)c1=O,7.638272163982407,1,7.638272163982407,7.638272163982407
CHEMBL564446,CN(C1CCOCC1)C1CCN(c2nc3ccccc3n2Cc2ccc(F)cc2)CC1,8.481486060122112,1,8.481486060122112,8.481486060122112
CHEMBL565083,CC(C(=O)O)c1ccc2c(c1)N(CCCN1CCCN(c3cc(=O)n(C)c(=O)n3C)CC1)c1ccccc1S2,7.142667503568731,1,7.142667503568731,7.142667503568731
CHEMBL565551,Cc1cnc(N[C@H]2CC[C@@H](NC(=O)c3ccc(F)cc3)CC2)nc1N(C)C,6.09151498112135,1,6.09151498112135,6.09151498112135
CHEMBL567791,Cc1cc(N(C)C)nc(N[C@H]2CC[C@@H](NC(=O)c3ccc(Cl)cc3)CC2)n1,6.096910013008056,1,6.096910013008056,6.096910013008056
CHEMBL567993,Cc1cccc(C(=O)N[C@H]2CC[C@@H](Nc3ncc(C)c(N(C)C)n3)CC2)c1,5.795880017344075,1,5.795880017344075,5.795880017344075
CHEMBL568400,Cc1cc(N(C)C)nc(N[C@H]2CC[C@@H](NC(=O)c3ccc(Cl)c(Cl)c3)CC2)n1,6.4089353929735005,1,6.4089353929735005,6.4089353929735005
CHEMBL5763459,OCCN1CCC(c2nc3ccccc3n2Cc2ccccn2)CC1,6.756961951313706,1,6.756961951313706,6.756961951313706
CHEMBL5767182,O=C(O)Cc1ccc(OCCN2CCC(c3nc4ccccc4n3CCOc3ccccc3)CC2)cc1,6.567030709125595,1,6.567030709125595,6.567030709125595
CHEMBL5775990,CCOCCOCCN1CCC(c2nc3ccccc3n2CCOCC)CC1,6.939302159646388,1,6.939302159646388,6.939302159646388
CHEMBL577904,Cc1cnc(N[C@H]2CC[C@@H](CNC(=O)c3ccc(F)c(F)c3)CC2)nc1N(C)C,6.036212172654444,1,6.036212172654444,6.036212172654444
CHEMBL577912,Cc1cnc(N[C@H]2CC[C@@H](NC(=O)c3ccc(Cl)cc3)CC2)nc1N(C)C,6.119186407719209,1,6.119186407719209,6.119186407719209
CHEMBL578170,Cc1ccc(C(=O)N[C@H]2CC[C@@H](Nc3ncc(C)c(N(C)C)n3)CC2)cc1,6.769551078621726,1,6.769551078621726,6.769551078621726
CHEMBL583014,Cc1cc(N(C)C)nc(N[C@H]2CC[C@@H](NC(=O)c3cc(C(F)(F)F)cc(C(F)(F)F)c3)CC2)n1,5.917214629683549,1,5.917214629683549,5.917214629683549
CHEMBL5869389,CCOCCn1c(C2CCN(CCO)CC2)nc2ccccc21,7.6020599913279625,1,7.6020599913279625,7.6020599913279625
CHEMBL5873096,O=C(O)c1ccc(OCCN2CCC(c3nc4ccccc4n3CCOc3ccccc3)CC2)cc1,6.585026652029182,1,6.585026652029182,6.585026652029182
CHEMBL5906049,CCOCCn1c(C2CCN(CCOCC(=O)OCC)CC2)nc2ccccc21,6.772113295386326,1,6.772113295386326,6.772113295386326
CHEMBL5913525,CCOCCn1c(C2CCN(CCOC)CC2)nc2ccccc21,7.031517051446065,1,7.031517051446065,7.031517051446065
CHEMBL5963373,COC(=O)COCCN1CCC(c2nc3ccccc3n2CCOc2ccccc2)CC1,6.709965388637482,1,6.709965388637482,6.709965388637482
CHEMBL5966490,CCOCCn1c(C2CCN(CCOC(C)=O)CC2)nc2ccccc21,7.267606240177031,1,7.267606240177031,7.267606240177031
CHEMBL5978002,CCOCCn1c(C2CCN(CCCO)CC2)nc2ccccc21,7.552841968657781,1,7.552841968657781,7.552841968657781
CHEMBL5990007,CCOCCn1c(C2CCN(CCOc3ccc(CC(=O)O)cc3)CC2)nc2ccccc21,5.701146923590294,1,5.701146923590294,5.701146923590294
CHEMBL643,CC(CN1c2ccccc2Sc2ccccc21)N(C)C,8.267606240177031,1,8.267606240177031,8.267606240177031
CHEMBL71,CN(C)CCCN1c2ccccc2Sc2ccc(Cl)cc21,7.920818753952375,1,7.920818753952375,7.920818753952375
CHEMBL85,Cc1nc2n(c(=O)c1CCN1CCC(c3noc4cc(F)ccc34)CC1)CCCC2,6.0614802748235075,1,6.0614802748235075,6.0614802748235075
CHEMBL91397,Cc1cncc(CN2CCC(=C3c4ccc(Cl)cc4CCc4cccnc43)CC2)c1,8.4089353929735,1,8.4089353929735,8.4089353929735
CHEMBL914,CC(C)(C(=O)O)c1ccc(C(O)CCCN2CCC(C(O)(c3ccccc3)c3ccccc3)CC2)cc1,7.465907069126919,2,7.107905397309519,7.823908740944319
CHEMBL998,CCOC(=O)N1CCC(=C2c3ccc(Cl)cc3CCc3cccnc32)CC1,6.537602002101044,1,6.537602002101044,6.537602002101044
