ID	pIC50
CHEMBL1091774	5.214670
CHEMBL1091777	5.455932
CHEMBL1091790	4.638272
CHEMBL10971	7.000000
CHEMBL11	7.568636
CHEMBL1112	6.376751
CHEMBL1172	8.735182
CHEMBL12420	6.376259
CHEMBL1278088	6.000000
CHEMBL1651208	5.088842
CHEMBL17157	9.000000
CHEMBL1742403	6.372634
CHEMBL1774490	6.853872
CHEMBL1774491	7.387216
CHEMBL1774492	6.593460
CHEMBL1774493	6.892790
CHEMBL1774494	6.892790
CHEMBL1774495	6.823909
CHEMBL1774496	6.275724
CHEMBL1774497	7.154902
CHEMBL1774498	7.267606
CHEMBL1774499	7.124939
CHEMBL1774500	7.075721
CHEMBL1774501	6.267606
CHEMBL1774502	7.036212
CHEMBL1774503	6.488117
CHEMBL1774504	7.200659
CHEMBL1774505	6.709965
CHEMBL1774506	6.869666
CHEMBL1774507	6.815309
CHEMBL182150	6.823909
CHEMBL330366	8.522879
CHEMBL3609328	9.000000
CHEMBL3609372	4.886057
CHEMBL3805518	6.012334
CHEMBL3805559	5.591760
CHEMBL4128926	8.769551
CHEMBL4445636	7.276955
CHEMBL4446961	8.530178
CHEMBL4451332	8.089376
CHEMBL4458953	7.395558
CHEMBL4467816	8.341035
CHEMBL4473399	7.753255
CHEMBL4473466	8.032452
CHEMBL4518271	7.678195
CHEMBL4519018	6.696804
CHEMBL4527708	5.380907
CHEMBL4529928	7.554707
CHEMBL4539056	7.546529
CHEMBL4539150	8.050610
CHEMBL4556553	8.324222
CHEMBL4557928	7.435216
CHEMBL4565774	7.087353
CHEMBL4581995	7.921906
CHEMBL4587694	8.205512
CHEMBL4591702	8.435334
CHEMBL4873647	4.958607
CHEMBL491889	5.443697
CHEMBL505	7.180456
CHEMBL511	8.838890
CHEMBL534	9.000000
CHEMBL5421982	5.096910
CHEMBL549598	8.356547
CHEMBL551394	7.387216
CHEMBL551457	7.431798
CHEMBL552057	7.455932
CHEMBL559664	7.397940
CHEMBL559665	7.638272
CHEMBL560061	7.161151
CHEMBL560120	7.552842
CHEMBL560917	6.978811
CHEMBL561377	7.275724
CHEMBL561690	7.094204
CHEMBL562676	6.910095
CHEMBL562792	6.490797
CHEMBL563271	7.055517
CHEMBL563520	7.337242
CHEMBL563647	7.387216
CHEMBL564168	6.906578
CHEMBL564370	7.638272
CHEMBL564446	8.481486
CHEMBL565083	7.142668
CHEMBL565551	6.091515
CHEMBL567791	6.096910
CHEMBL567993	5.795880
CHEMBL568400	6.408935
CHEMBL5763459	6.756962
CHEMBL5767182	6.567031
CHEMBL5775990	6.939302
CHEMBL577904	6.036212
CHEMBL577912	6.119186
CHEMBL578170	6.769551
CHEMBL583014	5.917215
CHEMBL5869389	7.602060
CHEMBL5873096	6.585027
CHEMBL5906049	6.772113
CHEMBL5913525	7.031517
CHEMBL5963373	6.709965
CHEMBL5966490	7.267606
CHEMBL5978002	7.552842
CHEMBL5990007	5.701147
CHEMBL643	8.267606
CHEMBL71	7.920819
CHEMBL85	6.061480
CHEMBL91397	8.408935
CHEMBL914	7.465907
CHEMBL998	6.537602
